Round,Date,Team 1,FT,HT,Team 2
?,(Wed) 19 Jul 1995 (29),Bastia (1),2-2,1-2,Paris SG (1)
?,(Wed) 19 Jul 1995 (29),Bordeaux (1),1-0,1-0,Lille (1)
?,(Wed) 19 Jul 1995 (29),Cannes (1),3-0,0-0,Lyon (1)
?,(Wed) 19 Jul 1995 (29),Gueugnon (1),0-0,0-0,Metz (1)
?,(Wed) 19 Jul 1995 (29),Guingamp (1),2-0,0-0,Martigues (1)
?,(Wed) 19 Jul 1995 (29),Lens (1),2-0,1-0,Le Havre (1)
?,(Wed) 19 Jul 1995 (29),Monaco (1),3-1,0-1,Rennes (1)
?,(Wed) 19 Jul 1995 (29),Montpellier (1),2-2,1-1,Strasbourg (1)
?,(Wed) 19 Jul 1995 (29),Nantes (1),1-0,1-0,Auxerre (1)
?,(Wed) 19 Jul 1995 (29),St Etienne (1),1-1,0-1,Nice (1)
?,(Wed) 26 Jul 1995 (30),Auxerre (2),4-0,1-0,Gueugnon (2)
?,(Wed) 26 Jul 1995 (30),Bordeaux (2),2-0,2-0,St Etienne (2)
?,(Wed) 26 Jul 1995 (30),Lille (2),0-2,0-1,Bastia (2)
?,(Wed) 26 Jul 1995 (30),Lyon (2),3-2,1-1,Montpellier (2)
?,(Wed) 26 Jul 1995 (30),Martigues (2),0-4,0-1,Nantes (2)
?,(Wed) 26 Jul 1995 (30),Metz (2),2-0,1-0,Lens (2)
?,(Wed) 26 Jul 1995 (30),Nice (2),1-2,1-1,Monaco (2)
?,(Wed) 26 Jul 1995 (30),Paris SG (2),1-1,1-0,Guingamp (2)
?,(Wed) 26 Jul 1995 (30),Rennes (2),3-2,2-2,Cannes (2)
?,(Wed) 26 Jul 1995 (30),Strasbourg (2),3-0,1-0,Le Havre (2)
?,(Fri) 4 Aug 1995 (31),Nantes (3),1-2,1-1,Paris SG (3)
?,(Sat) 5 Aug 1995 (31),Bastia (3),2-0,1-0,Bordeaux (3)
?,(Sat) 5 Aug 1995 (31),Cannes (3),1-2,0-0,Metz (3)
?,(Sat) 5 Aug 1995 (31),Gueugnon (3),0-0,0-0,Martigues (3)
?,(Sat) 5 Aug 1995 (31),Guingamp (3),0-0,0-0,Nice (3)
?,(Sat) 5 Aug 1995 (31),Le Havre (3),2-1,2-0,Lyon (3)
?,(Sat) 5 Aug 1995 (31),Lens (3),0-0,0-0,Strasbourg (3)
?,(Sat) 5 Aug 1995 (31),Monaco (3),2-2,2-0,Auxerre (3)
?,(Sat) 5 Aug 1995 (31),Montpellier (3),3-1,1-1,Rennes (3)
?,(Sat) 5 Aug 1995 (31),St Etienne (3),1-1,1-0,Lille (3)
?,(Wed) 9 Aug 1995 (32),Auxerre (4),0-1,0-0,Lens (4)
?,(Wed) 9 Aug 1995 (32),Bastia (4),2-1,0-0,Monaco (4)
?,(Wed) 9 Aug 1995 (32),Lille (4),0-3,0-0,Guingamp (4)
?,(Wed) 9 Aug 1995 (32),Martigues (4),2-1,1-0,Cannes (4)
?,(Wed) 9 Aug 1995 (32),Metz (4),1-0,1-0,Montpellier (4)
?,(Wed) 9 Aug 1995 (32),Nice (4),3-1,1-1,Gueugnon (4)
?,(Wed) 9 Aug 1995 (32),Paris SG (4),4-0,2-0,St Etienne (4)
?,(Wed) 9 Aug 1995 (32),Rennes (4),1-0,1-0,Le Havre (4)
?,(Sat) 19 Aug 1995 (33),Cannes (5),2-1,1-0,Lille (5)
?,(Sat) 19 Aug 1995 (33),Gueugnon (5),1-3,0-1,Paris SG (5)
?,(Sat) 19 Aug 1995 (33),Guingamp (5),1-0,1-0,Bordeaux (4)
?,(Sat) 19 Aug 1995 (33),Le Havre (5),0-0,0-0,Metz (5)
?,(Sat) 19 Aug 1995 (33),Monaco (5),0-1,0-0,Martigues (5)
?,(Sat) 19 Aug 1995 (33),Montpellier (5),3-1,3-0,Auxerre (5)
?,(Sat) 19 Aug 1995 (33),Nantes (4),1-0,0-0,Nice (5)
?,(Sat) 19 Aug 1995 (33),St Etienne (5),3-0,1-0,Bastia (5)
?,(Sat) 19 Aug 1995 (33),Strasbourg (4),3-1,2-0,Rennes (5)
?,(Sun) 20 Aug 1995 (33),Lens (5),2-2,1-1,Lyon (4)
?,(Fri) 25 Aug 1995 (34),Lille (6),0-0,0-0,Nantes (5)
?,(Sat) 26 Aug 1995 (34),Auxerre (6),5-1,1-0,Cannes (6)
?,(Sat) 26 Aug 1995 (34),Bastia (6),1-2,0-0,Gueugnon (6)
?,(Sat) 26 Aug 1995 (34),Bordeaux (5),2-4,0-4,Monaco (6)
?,(Sat) 26 Aug 1995 (34),Martigues (6),0-1,0-0,Montpellier (6)
?,(Sat) 26 Aug 1995 (34),Metz (6),3-2,2-1,Strasbourg (5)
?,(Sat) 26 Aug 1995 (34),Nice (6),1-1,0-0,Lens (6)
?,(Sat) 26 Aug 1995 (34),Paris SG (6),2-0,1-0,Le Havre (6)
?,(Sat) 26 Aug 1995 (34),Rennes (6),1-0,1-0,Lyon (5)
?,(Sat) 26 Aug 1995 (34),St Etienne (6),4-0,2-0,Guingamp (6)
?,(Tue) 29 Aug 1995 (35),Cannes (7),0-2,0-0,Paris SG (7)
?,(Tue) 29 Aug 1995 (35),Gueugnon (7),2-2,2-1,Bordeaux (6)
?,(Tue) 29 Aug 1995 (35),Le Havre (7),0-4,0-1,Auxerre (7)
?,(Tue) 29 Aug 1995 (35),Lens (7),1-0,0-0,Rennes (7)
?,(Tue) 29 Aug 1995 (35),Lyon (6),1-1,1-0,Metz (7)
?,(Tue) 29 Aug 1995 (35),Monaco (7),2-1,0-0,Lille (7)
?,(Tue) 29 Aug 1995 (35),Montpellier (7),0-1,0-1,Nice (7)
?,(Tue) 29 Aug 1995 (35),Nantes (6),2-2,1-0,St Etienne (7)
?,(Tue) 29 Aug 1995 (35),Strasbourg (6),2-0,0-0,Martigues (7)
?,(Wed) 30 Aug 1995 (35),Guingamp (7),1-0,1-0,Bastia (7)
?,(Sat) 2 Sep 1995 (35),Bordeaux (7),3-0,2-0,Nantes (7)
?,(Sat) 2 Sep 1995 (35),Lyon (7),1-1,1-1,Strasbourg (7)
?,(Sat) 9 Sep 1995 (36),Auxerre (8),1-0,0-0,Strasbourg (8)
?,(Sat) 9 Sep 1995 (36),Bastia (8),4-1,2-1,Nantes (8)
?,(Sat) 9 Sep 1995 (36),Bordeaux (8),2-1,1-0,Cannes (8)
?,(Sat) 9 Sep 1995 (36),Guingamp (8),0-0,0-0,Montpellier (8)
?,(Sat) 9 Sep 1995 (36),Lille (8),1-3,1-2,Lens (8)
?,(Sat) 9 Sep 1995 (36),Martigues (8),1-2,0-2,Lyon (8)
?,(Sat) 9 Sep 1995 (36),Nice (8),1-2,1-0,Le Havre (8)
?,(Sat) 9 Sep 1995 (36),Paris SG (8),2-1,2-1,Monaco (8)
?,(Sat) 9 Sep 1995 (36),St Etienne (8),2-0,0-0,Gueugnon (8)
?,(Sun) 10 Sep 1995 (36),Metz (8),0-0,0-0,Rennes (8)
?,(Sat) 16 Sep 1995 (37),Cannes (9),2-0,1-0,St Etienne (9)
?,(Sat) 16 Sep 1995 (37),Gueugnon (9),3-1,1-1,Lille (9)
?,(Sat) 16 Sep 1995 (37),Lyon (9),0-1,0-1,Auxerre (9)
?,(Sat) 16 Sep 1995 (37),Monaco (9),0-1,0-1,Metz (9)
?,(Sat) 16 Sep 1995 (37),Nantes (9),0-0,0-0,Guingamp (9)
?,(Sat) 16 Sep 1995 (37),Rennes (9),1-3,1-2,Martigues (9)
?,(Sat) 16 Sep 1995 (37),Strasbourg (9),1-1,0-1,Nice (9)
?,(Sun) 17 Sep 1995 (37),Le Havre (9),1-0,0-0,Bordeaux (9)
?,(Sun) 17 Sep 1995 (37),Lens (9),3-1,1-0,Bastia (9)
?,(Sun) 17 Sep 1995 (37),Montpellier (9),1-0,1-0,Paris SG (9)
?,(Wed) 20 Sep 1995 (38),St Etienne (10),2-4,1-1,Monaco (10)
?,(Thu) 21 Sep 1995 (38),Auxerre (10),2-1,0-1,Rennes (10)
?,(Thu) 21 Sep 1995 (38),Bastia (10),2-1,2-0,Cannes (10)
?,(Thu) 21 Sep 1995 (38),Bordeaux (10),3-0,2-0,Montpellier (10)
?,(Thu) 21 Sep 1995 (38),Guingamp (10),0-0,0-0,Gueugnon (10)
?,(Thu) 21 Sep 1995 (38),Lille (10),2-0,1-0,Le Havre (10)
?,(Thu) 21 Sep 1995 (38),Martigues (10),0-1,0-1,Metz (10)
?,(Thu) 21 Sep 1995 (38),Nantes (10),1-1,1-1,Lens (10)
?,(Thu) 21 Sep 1995 (38),Nice (10),1-0,0-0,Lyon (10)
?,(Thu) 21 Sep 1995 (38),Paris SG (10),2-0,1-0,Strasbourg (10)
?,(Sat) 30 Sep 1995 (39),Cannes (11),1-3,1-0,Nice (11)
?,(Sat) 30 Sep 1995 (39),Gueugnon (11),0-1,0-0,Nantes (11)
?,(Sat) 30 Sep 1995 (39),Le Havre (11),1-0,1-0,Martigues (11)
?,(Sat) 30 Sep 1995 (39),Lyon (11),2-1,2-0,St Etienne (11)
?,(Sat) 30 Sep 1995 (39),Metz (11),3-1,1-0,Auxerre (11)
?,(Sat) 30 Sep 1995 (39),Monaco (11),1-0,1-0,Guingamp (11)
?,(Sat) 30 Sep 1995 (39),Montpellier (11),0-0,0-0,Lille (11)
?,(Sat) 30 Sep 1995 (39),Rennes (11),2-0,2-0,Bastia (11)
?,(Sun) 1 Oct 1995 (39),Lens (11),3-1,1-0,Paris SG (11)
?,(Sun) 1 Oct 1995 (39),Strasbourg (11),3-0,1-0,Bordeaux (11)
?,(Tue) 3 Oct 1995 (40),Nantes (12),2-2,0-0,Monaco (12)
?,(Wed) 4 Oct 1995 (40),Bastia (12),1-0,1-0,Le Havre (12)
?,(Wed) 4 Oct 1995 (40),Bordeaux (12),1-1,1-0,Lyon (12)
?,(Wed) 4 Oct 1995 (40),Gueugnon (12),0-1,0-0,Lens (12)
?,(Wed) 4 Oct 1995 (40),Guingamp (12),2-0,0-0,Cannes (12)
?,(Wed) 4 Oct 1995 (40),Lille (12),2-0,1-0,Strasbourg (12)
?,(Wed) 4 Oct 1995 (40),Martigues (12),1-2,1-0,Auxerre (12)
?,(Wed) 4 Oct 1995 (40),Nice (12),0-1,0-1,Metz (12)
?,(Wed) 4 Oct 1995 (40),Paris SG (12),1-1,1-0,Rennes (12)
?,(Wed) 4 Oct 1995 (40),St Etienne (12),0-2,0-0,Montpellier (12)
?,(Fri) 13 Oct 1995 (41),Lens (13),1-0,1-0,Martigues (13)
?,(Sat) 14 Oct 1995 (41),Auxerre (13),2-1,1-0,Nice (13)
?,(Sat) 14 Oct 1995 (41),Cannes (13),0-2,0-1,Nantes (13)
?,(Sat) 14 Oct 1995 (41),Lyon (13),0-0,0-0,Paris SG (13)
?,(Sat) 14 Oct 1995 (41),Metz (13),2-0,1-0,Bordeaux (13)
?,(Sat) 14 Oct 1995 (41),Monaco (13),0-0,0-0,Gueugnon (13)
?,(Sat) 14 Oct 1995 (41),Montpellier (13),4-3,1-1,Bastia (13)
?,(Sat) 14 Oct 1995 (41),Rennes (13),3-1,1-1,Lille (13)
?,(Sat) 14 Oct 1995 (41),Strasbourg (13),0-0,0-0,Guingamp (13)
?,(Sun) 15 Oct 1995 (41),Le Havre (13),2-2,2-1,St Etienne (13)
?,(Sat) 21 Oct 1995 (42),Bastia (14),1-1,1-0,Strasbourg (14)
?,(Sat) 21 Oct 1995 (42),Bordeaux (14),0-0,0-0,Rennes (14)
?,(Sat) 21 Oct 1995 (42),Gueugnon (14),1-1,0-1,Cannes (14)
?,(Sat) 21 Oct 1995 (42),Guingamp (14),2-2,1-1,Le Havre (14)
?,(Sat) 21 Oct 1995 (42),Lille (14),0-0,0-0,Metz (14)
?,(Sat) 21 Oct 1995 (42),Monaco (14),3-1,1-1,Montpellier (14)
?,(Sat) 21 Oct 1995 (42),Nantes (14),0-0,0-0,Lyon (14)
?,(Sat) 21 Oct 1995 (42),Nice (14),1-0,0-0,Martigues (14)
?,(Sat) 21 Oct 1995 (42),St Etienne (14),1-1,0-0,Lens (14)
?,(Sun) 22 Oct 1995 (42),Paris SG (14),3-1,1-0,Auxerre (14)
?,(Thu) 26 Oct 1995 (43),Metz (15),0-3,0-2,Paris SG (15)
?,(Fri) 27 Oct 1995 (43),Auxerre (15),1-2,1-0,Lille (15)
?,(Fri) 27 Oct 1995 (43),Cannes (15),1-1,0-1,Monaco (15)
?,(Fri) 27 Oct 1995 (43),Le Havre (15),0-1,0-1,Nantes (15)
?,(Fri) 27 Oct 1995 (43),Lens (15),0-1,0-0,Guingamp (15)
?,(Fri) 27 Oct 1995 (43),Lyon (15),1-1,0-0,Bastia (15)
?,(Fri) 27 Oct 1995 (43),Martigues (15),3-1,0-0,Bordeaux (15)
?,(Fri) 27 Oct 1995 (43),Montpellier (15),2-2,1-1,Gueugnon (15)
?,(Fri) 27 Oct 1995 (43),Rennes (15),1-0,0-0,Nice (15)
?,(Fri) 27 Oct 1995 (43),Strasbourg (15),3-1,0-0,St Etienne (15)
?,(Sat) 4 Nov 1995 (44),Bastia (16),1-0,0-0,Metz (16)
?,(Sat) 4 Nov 1995 (44),Bordeaux (16),0-1,0-0,Auxerre (16)
?,(Sat) 4 Nov 1995 (44),Gueugnon (16),0-1,0-0,Le Havre (16)
?,(Sat) 4 Nov 1995 (44),Guingamp (16),1-0,0-0,Lyon (16)
?,(Sat) 4 Nov 1995 (44),Lille (16),0-0,0-0,Martigues (16)
?,(Sat) 4 Nov 1995 (44),Monaco (16),1-1,0-1,Lens (16)
?,(Sat) 4 Nov 1995 (44),Nantes (16),1-0,0-0,Montpellier (16)
?,(Sat) 4 Nov 1995 (44),St Etienne (16),0-0,0-0,Rennes (16)
?,(Sun) 5 Nov 1995 (44),Cannes (16),0-3,?,Strasbourg (16)
?,(Sun) 5 Nov 1995 (44),Paris SG (16),3-2,1-1,Nice (16)
?,(Tue) 7 Nov 1995 (45),Rennes (17),3-0,2-0,Guingamp (17)
?,(Wed) 8 Nov 1995 (45),Auxerre (17),3-0,0-0,Bastia (17)
?,(Wed) 8 Nov 1995 (45),Le Havre (17),2-1,1-1,Monaco (17)
?,(Wed) 8 Nov 1995 (45),Lens (17),0-0,0-0,Bordeaux (17)
?,(Wed) 8 Nov 1995 (45),Lyon (17),0-0,0-0,Gueugnon (17)
?,(Wed) 8 Nov 1995 (45),Martigues (17),2-4,0-1,Paris SG (17)
?,(Wed) 8 Nov 1995 (45),Metz (17),1-2,0-0,St Etienne (17)
?,(Wed) 8 Nov 1995 (45),Montpellier (17),3-1,3-1,Cannes (17)
?,(Wed) 8 Nov 1995 (45),Nice (17),2-1,0-0,Lille (17)
?,(Wed) 8 Nov 1995 (45),Strasbourg (17),1-1,1-1,Nantes (17)
?,(Fri) 17 Nov 1995 (46),Montpellier (18),0-0,0-0,Lens (18)
?,(Sat) 18 Nov 1995 (46),Bastia (18),2-0,2-0,Martigues (18)
?,(Sat) 18 Nov 1995 (46),Bordeaux (18),4-1,2-1,Nice (18)
?,(Sat) 18 Nov 1995 (46),Cannes (18),0-0,0-0,Le Havre (18)
?,(Sat) 18 Nov 1995 (46),Gueugnon (18),0-1,0-0,Strasbourg (18)
?,(Sat) 18 Nov 1995 (46),Guingamp (18),0-0,0-0,Metz (18)
?,(Sat) 18 Nov 1995 (46),Lille (18),0-0,0-0,Paris SG (18)
?,(Sat) 18 Nov 1995 (46),Monaco (18),0-2,0-0,Lyon (18)
?,(Sat) 18 Nov 1995 (46),Nantes (18),2-2,1-2,Rennes (18)
?,(Sun) 19 Nov 1995 (46),St Etienne (18),0-5,?,Auxerre (18)
?,(Fri) 24 Nov 1995 (47),Strasbourg (19),2-0,1-0,Monaco (19)
?,(Sat) 25 Nov 1995 (47),Auxerre (19),1-2,0-0,Guingamp (19)
?,(Sat) 25 Nov 1995 (47),Le Havre (19),2-2,1-1,Montpellier (19)
?,(Sat) 25 Nov 1995 (47),Lens (19),1-1,0-0,Cannes (19)
?,(Sat) 25 Nov 1995 (47),Lyon (19),1-1,0-0,Lille (19)
?,(Sat) 25 Nov 1995 (47),Martigues (19),1-1,1-0,St Etienne (19)
?,(Sat) 25 Nov 1995 (47),Metz (19),0-0,0-0,Nantes (19)
?,(Sat) 25 Nov 1995 (47),Nice (19),3-1,2-0,Bastia (19)
?,(Sat) 25 Nov 1995 (47),Paris SG (19),3-0,1-0,Bordeaux (19)
?,(Sat) 25 Nov 1995 (47),Rennes (19),2-1,0-1,Gueugnon (19)
?,(Thu) 30 Nov 1995 (48),Gueugnon (20),0-0,0-0,Auxerre (20)
?,(Fri) 1 Dec 1995 (48),Bastia (20),4-0,1-0,Lille (20)
?,(Fri) 1 Dec 1995 (48),Cannes (20),3-0,1-0,Rennes (20)
?,(Fri) 1 Dec 1995 (48),Guingamp (20),0-0,0-0,Paris SG (20)
?,(Fri) 1 Dec 1995 (48),Le Havre (20),2-0,1-0,Strasbourg (20)
?,(Fri) 1 Dec 1995 (48),Lens (20),2-0,1-0,Metz (20)
?,(Fri) 1 Dec 1995 (48),Monaco (20),1-0,0-0,Nice (20)
?,(Fri) 1 Dec 1995 (48),Montpellier (20),2-1,0-0,Lyon (20)
?,(Fri) 1 Dec 1995 (48),Nantes (20),3-0,1-0,Martigues (20)
?,(Fri) 1 Dec 1995 (48),St Etienne (20),2-0,2-0,Bordeaux (20)
?,(Sat) 9 Dec 1995 (49),Auxerre (21),1-2,1-1,Monaco (21)
?,(Sat) 9 Dec 1995 (49),Bordeaux (21),1-3,0-1,Bastia (21)
?,(Sat) 9 Dec 1995 (49),Lille (21),1-1,1-1,St Etienne (21)
?,(Sat) 9 Dec 1995 (49),Lyon (21),3-2,3-1,Le Havre (21)
?,(Sat) 9 Dec 1995 (49),Martigues (21),3-0,1-0,Gueugnon (21)
?,(Sat) 9 Dec 1995 (49),Metz (21),0-0,0-0,Cannes (21)
?,(Sat) 9 Dec 1995 (49),Nice (21),2-1,2-0,Guingamp (21)
?,(Sat) 9 Dec 1995 (49),Paris SG (21),5-0,3-0,Nantes (21)
?,(Sat) 9 Dec 1995 (49),Rennes (21),1-1,1-0,Montpellier (21)
?,(Sat) 9 Dec 1995 (49),Strasbourg (21),1-2,1-2,Lens (21)
?,(Sat) 16 Dec 1995 (50),Cannes (22),2-1,1-1,Martigues (22)
?,(Sat) 16 Dec 1995 (50),Gueugnon (22),1-0,1-0,Nice (22)
?,(Sat) 16 Dec 1995 (50),Guingamp (22),0-1,0-1,Lille (22)
?,(Sat) 16 Dec 1995 (50),Le Havre (22),0-0,0-0,Rennes (22)
?,(Sat) 16 Dec 1995 (50),Lens (22),0-0,0-0,Auxerre (22)
?,(Sat) 16 Dec 1995 (50),Monaco (22),0-0,0-0,Bastia (22)
?,(Sat) 16 Dec 1995 (50),Nantes (22),2-0,1-0,Bordeaux (22)
?,(Sat) 16 Dec 1995 (50),St Etienne (22),1-1,0-0,Paris SG (22)
?,(Sat) 16 Dec 1995 (50),Strasbourg (22),2-2,1-1,Lyon (22)
?,(Wed) 3 Jan 1996 (1),Montpellier (22),1-2,?,Metz (22)
?,(Tue) 9 Jan 1996 (2),Martigues (23),0-4,?,Monaco (23)
?,(Wed) 10 Jan 1996 (2),Auxerre (23),1-0,?,Montpellier (23)
?,(Wed) 10 Jan 1996 (2),Bastia (23),0-0,0-0,St Etienne (23)
?,(Wed) 10 Jan 1996 (2),Bordeaux (23),2-0,?,Guingamp (23)
?,(Wed) 10 Jan 1996 (2),Lille (23),0-2,?,Cannes (23)
?,(Wed) 10 Jan 1996 (2),Lyon (23),0-0,0-0,Lens (23)
?,(Wed) 10 Jan 1996 (2),Metz (23),2-1,?,Le Havre (23)
?,(Wed) 10 Jan 1996 (2),Paris SG (23),1-1,?,Gueugnon (23)
?,(Wed) 10 Jan 1996 (2),Rennes (23),0-0,0-0,Strasbourg (23)
?,(Sat) 13 Jan 1996 (2),Nice (23),1-0,?,Nantes (23)
?,(Fri) 19 Jan 1996 (3),Le Havre (24),1-1,0-0,Paris SG (24)
?,(Sat) 20 Jan 1996 (3),Cannes (24),0-1,0-0,Auxerre (24)
?,(Sat) 20 Jan 1996 (3),Gueugnon (24),1-0,0-0,Bastia (24)
?,(Sat) 20 Jan 1996 (3),Guingamp (24),3-0,1-0,St Etienne (24)
?,(Sat) 20 Jan 1996 (3),Lens (24),0-0,0-0,Nice (24)
?,(Sat) 20 Jan 1996 (3),Lyon (24),2-2,1-2,Rennes (24)
?,(Sat) 20 Jan 1996 (3),Monaco (24),2-0,0-0,Bordeaux (24)
?,(Sat) 20 Jan 1996 (3),Montpellier (24),2-0,0-0,Martigues (24)
?,(Sat) 20 Jan 1996 (3),Nantes (24),1-2,1-2,Lille (24)
?,(Sat) 20 Jan 1996 (3),Strasbourg (24),1-2,0-1,Metz (24)
?,(Sat) 27 Jan 1996 (4),Auxerre (25),1-0,1-0,Le Havre (25)
?,(Sat) 27 Jan 1996 (4),Bastia (25),0-1,0-0,Guingamp (25)
?,(Sat) 27 Jan 1996 (4),Bordeaux (25),3-1,0-1,Gueugnon (25)
?,(Sat) 27 Jan 1996 (4),Lille (25),0-0,0-0,Monaco (25)
?,(Sat) 27 Jan 1996 (4),Martigues (25),2-0,?,Strasbourg (25)
?,(Sat) 27 Jan 1996 (4),Nice (25),1-2,?,Montpellier (25)
?,(Sat) 27 Jan 1996 (4),Paris SG (25),2-1,1-0,Cannes (25)
?,(Sat) 27 Jan 1996 (4),Rennes (25),2-1,?,Lens (25)
?,(Sun) 28 Jan 1996 (4),St Etienne (25),0-0,0-0,Nantes (25)
?,(Tue) 6 Feb 1996 (6),Lens (26),1-1,?,Lille (26)
?,(Wed) 7 Feb 1996 (6),Cannes (26),1-1,?,Bordeaux (26)
?,(Wed) 7 Feb 1996 (6),Le Havre (26),0-0,0-0,Nice (26)
?,(Wed) 7 Feb 1996 (6),Lyon (25),5-1,?,Martigues (26)
?,(Wed) 7 Feb 1996 (6),Monaco (26),1-0,?,Paris SG (26)
?,(Wed) 7 Feb 1996 (6),Nantes (26),3-1,?,Bastia (26)
?,(Sat) 10 Feb 1996 (6),Auxerre (26),2-0,?,Lyon (26)
?,(Sat) 10 Feb 1996 (6),Bastia (27),3-2,?,Lens (27)
?,(Sat) 10 Feb 1996 (6),Bordeaux (27),3-1,?,Le Havre (27)
?,(Sat) 10 Feb 1996 (6),Guingamp (26),3-1,?,Nantes (27)
?,(Sat) 10 Feb 1996 (6),Lille (27),2-0,?,Gueugnon (26)
?,(Sat) 10 Feb 1996 (6),Martigues (27),1-2,?,Rennes (26)
?,(Sat) 10 Feb 1996 (6),Nice (27),2-2,?,Strasbourg (26)
?,(Sun) 11 Feb 1996 (6),Paris SG (27),2-3,?,Montpellier (26)
?,(Sat) 17 Feb 1996 (7),Cannes (27),1-0,?,Bastia (28)
?,(Sat) 17 Feb 1996 (7),Gueugnon (27),2-2,?,Guingamp (27)
?,(Sat) 17 Feb 1996 (7),Le Havre (28),4-1,?,Lille (28)
?,(Sat) 17 Feb 1996 (7),Lens (28),2-1,?,Nantes (28)
?,(Sat) 17 Feb 1996 (7),Lyon (27),1-0,?,Nice (28)
?,(Sat) 17 Feb 1996 (7),Metz (25),2-0,?,Martigues (28)
?,(Sat) 17 Feb 1996 (7),Monaco (27),2-0,?,St Etienne (26)
?,(Sat) 17 Feb 1996 (7),Montpellier (27),3-0,?,Bordeaux (28)
?,(Sat) 17 Feb 1996 (7),Rennes (27),2-1,?,Auxerre (27)
?,(Sat) 17 Feb 1996 (7),Strasbourg (27),1-0,?,Paris SG (28)
?,(Fri) 23 Feb 1996 (8),Gueugnon (28),1-0,?,St Etienne (27)
?,(Mon) 26 Feb 1996 (9),Nice (29),1-2,?,Cannes (28)
?,(Tue) 27 Feb 1996 (9),Auxerre (28),0-0,0-0,Metz (26)
?,(Tue) 27 Feb 1996 (9),Bordeaux (29),1-1,1-0,Strasbourg (28)
?,(Tue) 27 Feb 1996 (9),Guingamp (28),0-0,0-0,Monaco (28)
?,(Tue) 27 Feb 1996 (9),Lille (29),1-1,?,Montpellier (28)
?,(Tue) 27 Feb 1996 (9),Martigues (29),0-1,?,Le Havre (29)
?,(Tue) 27 Feb 1996 (9),Nantes (29),1-0,0-0,Gueugnon (29)
?,(Tue) 27 Feb 1996 (9),Paris SG (29),1-0,1-0,Lens (29)
?,(Tue) 27 Feb 1996 (9),St Etienne (28),1-1,?,Lyon (28)
?,(Fri) 1 Mar 1996 (9),Lyon (29),1-0,1-0,Bordeaux (30)
?,(Fri) 1 Mar 1996 (9),Monaco (29),4-1,2-0,Nantes (30)
?,(Sat) 2 Mar 1996 (9),Auxerre (29),4-0,2-0,Martigues (30)
?,(Sat) 2 Mar 1996 (9),Cannes (29),3-0,?,Guingamp (29)
?,(Sat) 2 Mar 1996 (9),Le Havre (30),1-0,?,Bastia (29)
?,(Sat) 2 Mar 1996 (9),Lens (30),2-0,0-0,Gueugnon (30)
?,(Sat) 2 Mar 1996 (9),Metz (27),4-0,2-0,Nice (30)
?,(Sat) 2 Mar 1996 (9),Montpellier (29),1-0,?,St Etienne (29)
?,(Sat) 2 Mar 1996 (9),Rennes (28),0-1,0-1,Paris SG (30)
?,(Sat) 2 Mar 1996 (9),Strasbourg (29),2-0,?,Lille (30)
?,(Tue) 5 Mar 1996 (10),Metz (28),0-1,?,Lyon (30)
?,(Tue) 5 Mar 1996 (10),Strasbourg (30),1-0,?,Auxerre (30)
?,(Sat) 9 Mar 1996 (10),Bastia (30),1-0,?,Montpellier (30)
?,(Sat) 9 Mar 1996 (10),Bordeaux (31),4-0,3-0,Metz (29)
?,(Sat) 9 Mar 1996 (10),Gueugnon (31),2-2,1-0,Monaco (30)
?,(Sat) 9 Mar 1996 (10),Guingamp (30),3-0,?,Strasbourg (31)
?,(Sat) 9 Mar 1996 (10),Lille (31),0-0,0-0,Rennes (29)
?,(Sat) 9 Mar 1996 (10),Martigues (31),0-1,0-0,Lens (31)
?,(Sat) 9 Mar 1996 (10),Nantes (31),2-0,1-0,Cannes (30)
?,(Sat) 9 Mar 1996 (10),Nice (31),1-3,0-2,Auxerre (31)
?,(Sat) 9 Mar 1996 (10),St Etienne (30),1-1,?,Le Havre (31)
?,(Sun) 10 Mar 1996 (10),Paris SG (31),2-0,1-0,Lyon (31)
?,(Sat) 16 Mar 1996 (11),Rennes (30),0-0,0-0,Metz (30)
?,(Sat) 16 Mar 1996 (11),St Etienne (31),2-2,?,Cannes (31)
?,(Sat) 23 Mar 1996 (12),Cannes (32),2-0,?,Gueugnon (32)
?,(Sat) 23 Mar 1996 (12),Le Havre (32),1-0,?,Guingamp (31)
?,(Sat) 23 Mar 1996 (12),Lens (32),3-0,1-0,St Etienne (32)
?,(Sat) 23 Mar 1996 (12),Lyon (32),1-1,1-0,Nantes (32)
?,(Sat) 23 Mar 1996 (12),Martigues (32),0-0,0-0,Nice (32)
?,(Sat) 23 Mar 1996 (12),Metz (31),2-0,1-0,Lille (32)
?,(Sat) 23 Mar 1996 (12),Montpellier (31),0-0,0-0,Monaco (31)
?,(Sat) 23 Mar 1996 (12),Rennes (31),4-3,2-1,Bordeaux (32)
?,(Sat) 23 Mar 1996 (12),Strasbourg (32),4-3,2-1,Bastia (31)
?,(Sun) 24 Mar 1996 (12),Auxerre (32),3-0,1-0,Paris SG (32)
?,(Sat) 30 Mar 1996 (13),Bastia (32),0-0,0-0,Lyon (33)
?,(Sat) 30 Mar 1996 (13),Gueugnon (33),0-2,0-0,Montpellier (32)
?,(Sat) 30 Mar 1996 (13),Lille (33),0-4,0-3,Auxerre (33)
?,(Sat) 30 Mar 1996 (13),Monaco (32),1-0,0-0,Cannes (33)
?,(Sat) 30 Mar 1996 (13),Nice (33),0-0,0-0,Rennes (32)
?,(Sat) 30 Mar 1996 (13),Paris SG (33),2-3,0-1,Metz (32)
?,(Sat) 30 Mar 1996 (13),St Etienne (33),2-0,?,Strasbourg (33)
?,(Sun) 31 Mar 1996 (13),Guingamp (32),1-0,1-0,Lens (33)
?,(Fri) 5 Apr 1996 (14),Bastia (33),0-0,0-0,Rennes (33)
?,(Fri) 5 Apr 1996 (14),Montpellier (33),2-1,?,Guingamp (33)
?,(Mon) 8 Apr 1996 (15),Lens (34),2-1,?,Monaco (33)
?,(Tue) 9 Apr 1996 (15),Auxerre (34),2-0,1-0,Bordeaux (33)
?,(Tue) 9 Apr 1996 (15),Le Havre (33),0-2,?,Gueugnon (34)
?,(Tue) 9 Apr 1996 (15),Martigues (33),1-0,?,Lille (34)
?,(Tue) 9 Apr 1996 (15),Montpellier (34),1-0,0-0,Nantes (33)
?,(Tue) 9 Apr 1996 (15),Nice (34),1-2,0-0,Paris SG (34)
?,(Tue) 9 Apr 1996 (15),Rennes (34),3-0,2-0,St Etienne (34)
?,(Tue) 9 Apr 1996 (15),Strasbourg (34),1-0,?,Cannes (34)
?,(Wed) 10 Apr 1996 (15),Lyon (34),1-1,1-0,Guingamp (34)
?,(Wed) 10 Apr 1996 (15),Metz (33),2-0,2-0,Bastia (34)
?,(Sun) 14 Apr 1996 (15),Metz (34),0-3,?,Monaco (34)
?,(Sat) 20 Apr 1996 (16),Bastia (35),1-1,?,Auxerre (35)
?,(Sat) 20 Apr 1996 (16),Bordeaux (34),0-0,0-0,Lens (35)
?,(Sat) 20 Apr 1996 (16),Cannes (35),2-1,?,Montpellier (35)
?,(Sat) 20 Apr 1996 (16),Gueugnon (35),0-0,0-0,Lyon (35)
?,(Sat) 20 Apr 1996 (16),Guingamp (35),0-0,0-0,Rennes (35)
?,(Sat) 20 Apr 1996 (16),Lille (35),1-0,?,Nice (35)
?,(Sat) 20 Apr 1996 (16),Monaco (35),2-1,?,Le Havre (34)
?,(Sat) 20 Apr 1996 (16),Nantes (34),2-0,?,Strasbourg (35)
?,(Sat) 20 Apr 1996 (16),St Etienne (35),1-1,?,Metz (35)
?,(Tue) 23 Apr 1996 (17),Paris SG (35),0-0,0-0,Martigues (34)
?,(Fri) 26 Apr 1996 (17),Auxerre (36),2-0,1-0,St Etienne (36)
?,(Fri) 26 Apr 1996 (17),Nice (36),1-0,0-0,Bordeaux (35)
?,(Sat) 27 Apr 1996 (17),Le Havre (35),0-0,0-0,Cannes (36)
?,(Sat) 27 Apr 1996 (17),Lens (36),2-1,0-1,Montpellier (36)
?,(Sat) 27 Apr 1996 (17),Lyon (36),3-3,3-2,Monaco (36)
?,(Sat) 27 Apr 1996 (17),Martigues (35),3-1,?,Bastia (36)
?,(Sat) 27 Apr 1996 (17),Metz (36),3-0,1-0,Guingamp (36)
?,(Sat) 27 Apr 1996 (17),Paris SG (36),0-1,0-0,Lille (36)
?,(Sat) 27 Apr 1996 (17),Rennes (36),2-2,2-0,Nantes (35)
?,(Sat) 27 Apr 1996 (17),Strasbourg (36),0-0,0-0,Gueugnon (36)
?,(Thu) 2 May 1996 (18),Nantes (36),1-1,?,Le Havre (36)
?,(Sun) 5 May 1996 (18),Bordeaux (36),1-1,?,Martigues (36)
?,(Sat) 11 May 1996 (19),Bastia (37),1-2,0-1,Nice (37)
?,(Sat) 11 May 1996 (19),Bordeaux (37),2-2,0-1,Paris SG (37)
?,(Sat) 11 May 1996 (19),Cannes (37),5-2,2-0,Lens (37)
?,(Sat) 11 May 1996 (19),Gueugnon (37),1-0,1-0,Rennes (37)
?,(Sat) 11 May 1996 (19),Guingamp (37),1-1,0-1,Auxerre (37)
?,(Sat) 11 May 1996 (19),Lille (37),2-1,1-1,Lyon (37)
?,(Sat) 11 May 1996 (19),Monaco (37),5-1,2-1,Strasbourg (37)
?,(Sat) 11 May 1996 (19),Montpellier (37),2-0,0-0,Le Havre (37)
?,(Sat) 11 May 1996 (19),Nantes (37),1-0,1-0,Metz (37)
?,(Sat) 11 May 1996 (19),St Etienne (37),2-2,0-1,Martigues (37)
?,(Sat) 18 May 1996 (20),Auxerre (38),2-1,1-1,Nantes (38)
?,(Sat) 18 May 1996 (20),Le Havre (38),1-1,0-1,Lens (38)
?,(Sat) 18 May 1996 (20),Lille (38),0-2,0-1,Bordeaux (38)
?,(Sat) 18 May 1996 (20),Lyon (38),1-0,0-0,Cannes (38)
?,(Sat) 18 May 1996 (20),Martigues (38),2-1,1-1,Guingamp (38)
?,(Sat) 18 May 1996 (20),Metz (38),1-2,1-0,Gueugnon (38)
?,(Sat) 18 May 1996 (20),Nice (38),2-0,1-0,St Etienne (38)
?,(Sat) 18 May 1996 (20),Paris SG (38),5-1,2-0,Bastia (38)
?,(Sat) 18 May 1996 (20),Rennes (38),2-3,0-0,Monaco (38)
?,(Sat) 18 May 1996 (20),Strasbourg (38),1-0,1-0,Montpellier (38)
